Date,State,District,Latitude,Longitude,Volatility
2012-02-01,odisha,Balasore,21.5006421,86.919884,0.4930050165864815
2012-03-01,odisha,Balasore,21.5006421,86.919884,0.4907565578968251
2012-04-01,odisha,Balasore,21.5006421,86.919884,0.4841036098393534
2012-05-01,odisha,Balasore,21.5006421,86.919884,0.4736149522433527
2012-06-01,odisha,Balasore,21.5006421,86.919884,0.4408030663895174
2012-07-01,odisha,Balasore,21.5006421,86.919884,0.4674338533685499
2012-08-01,odisha,Balasore,21.5006421,86.919884,0.4009357053115477
2012-09-01,odisha,Balasore,21.5006421,86.919884,0.4276431067277495
2012-10-01,odisha,Balasore,21.5006421,86.919884,0.4020559668080061
2012-11-01,odisha,Balasore,21.5006421,86.919884,0.4673026720757743
2012-12-01,odisha,Balasore,21.5006421,86.919884,0.4522136007249337
2013-01-01,odisha,Balasore,21.5006421,86.919884,0.4625326319094414
2013-02-01,odisha,Balasore,21.5006421,86.919884,0.3581922337920617
2013-03-01,odisha,Balasore,21.5006421,86.919884,0.4517870319382614
2013-04-01,odisha,Balasore,21.5006421,86.919884,0.4026024154517335
2013-05-01,odisha,Balasore,21.5006421,86.919884,0.4125059205361492
2013-06-01,odisha,Balasore,21.5006421,86.919884,0.361544269849865
2013-07-01,odisha,Balasore,21.5006421,86.919884,0.384782471999476
2013-08-01,odisha,Balasore,21.5006421,86.919884,0.3913129423420113
2013-09-01,odisha,Balasore,21.5006421,86.919884,0.4265470330253652
2013-10-01,odisha,Balasore,21.5006421,86.919884,0.4012104067590689
2013-11-01,odisha,Balasore,21.5006421,86.919884,0.3099810869241104
2013-12-01,odisha,Balasore,21.5006421,86.919884,0.3599678408128791
2014-01-01,odisha,Balasore,21.5006421,86.919884,0.3616528880943671
2014-02-01,odisha,Balasore,21.5006421,86.919884,0.3901587170057929
2014-03-01,odisha,Balasore,21.5006421,86.919884,0.4190032051318896
2014-04-01,odisha,Balasore,21.5006421,86.919884,0.4209141737801515
2014-05-01,odisha,Balasore,21.5006421,86.919884,0.4438449153940926
2014-06-01,odisha,Balasore,21.5006421,86.919884,0.3777199079511203
2014-07-01,odisha,Balasore,21.5006421,86.919884,0.4583914930911461
2014-08-01,odisha,Balasore,21.5006421,86.919884,0.2785460283122638
2014-09-01,odisha,Balasore,21.5006421,86.919884,0.4295297438437559
2014-10-01,odisha,Balasore,21.5006421,86.919884,0.2948973864207178
2014-11-01,odisha,Balasore,21.5006421,86.919884,0.4837649129060075
2014-12-01,odisha,Balasore,21.5006421,86.919884,0.3006913838000333
2015-01-01,odisha,Balasore,21.5006421,86.919884,0.4764802517194354
2015-02-01,odisha,Balasore,21.5006421,86.919884,0.3264597593200922
2015-03-01,odisha,Balasore,21.5006421,86.919884,0.5450363121774062
2015-04-01,odisha,Balasore,21.5006421,86.919884,0.3628431467614032
2015-05-01,odisha,Balasore,21.5006421,86.919884,0.5347846174310686
2015-06-01,odisha,Balasore,21.5006421,86.919884,0.3943578763650974
2015-07-01,odisha,Balasore,21.5006421,86.919884,0.5698428574331422
2015-08-01,odisha,Balasore,21.5006421,86.919884,0.3890146202070034
2015-09-01,odisha,Balasore,21.5006421,86.919884,0.5116929679617676
2015-10-01,odisha,Balasore,21.5006421,86.919884,0.3917227751679682
2015-11-01,odisha,Balasore,21.5006421,86.919884,0.4983113085729806
2015-12-01,odisha,Balasore,21.5006421,86.919884,0.328352557198638
2016-01-01,odisha,Balasore,21.5006421,86.919884,0.4241409368598464
2016-02-01,odisha,Balasore,21.5006421,86.919884,0.317117838622417
2016-03-01,odisha,Balasore,21.5006421,86.919884,0.4346020063248218
2016-04-01,odisha,Balasore,21.5006421,86.919884,0.2764702048144268
2016-05-01,odisha,Balasore,21.5006421,86.919884,0.398874908649678
2016-06-01,odisha,Balasore,21.5006421,86.919884,0.3212624742088264
2016-07-01,odisha,Balasore,21.5006421,86.919884,0.4060707701937112
2016-08-01,odisha,Balasore,21.5006421,86.919884,0.3317826492505693
2016-09-01,odisha,Balasore,21.5006421,86.919884,0.4366280216847295
2016-10-01,odisha,Balasore,21.5006421,86.919884,0.3732917319080315
2016-11-01,odisha,Balasore,21.5006421,86.919884,0.48138442763375
2016-12-01,odisha,Balasore,21.5006421,86.919884,0.4257447141252293
2017-01-01,odisha,Balasore,21.5006421,86.919884,0.4646849452753814
2017-02-01,odisha,Balasore,21.5006421,86.919884,0.346744861189648
2017-03-01,odisha,Balasore,21.5006421,86.919884,0.494057317163745
2017-04-01,odisha,Balasore,21.5006421,86.919884,0.3641437842356555
2017-05-01,odisha,Balasore,21.5006421,86.919884,0.4503985023265615
2017-06-01,odisha,Balasore,21.5006421,86.919884,0.4278872090858449
2017-07-01,odisha,Balasore,21.5006421,86.919884,0.4911564754743436
2017-08-01,odisha,Balasore,21.5006421,86.919884,0.4304094506688632
2017-09-01,odisha,Balasore,21.5006421,86.919884,0.4936564930591028
2017-10-01,odisha,Balasore,21.5006421,86.919884,0.4618926546933273
2017-11-01,odisha,Balasore,21.5006421,86.919884,0.3904865018282069
2017-12-01,odisha,Balasore,21.5006421,86.919884,0.3552030295337049
2018-01-01,odisha,Balasore,21.5006421,86.919884,0.3654931978424903
2018-02-01,odisha,Balasore,21.5006421,86.919884,0.3832108535734397
2018-03-01,odisha,Balasore,21.5006421,86.919884,0.3644578999723513
2018-04-01,odisha,Balasore,21.5006421,86.919884,0.3220879447986631
2018-05-01,odisha,Balasore,21.5006421,86.919884,0.3557425459461305
2018-06-01,odisha,Balasore,21.5006421,86.919884,0.3415510758554666
2018-07-01,odisha,Balasore,21.5006421,86.919884,0.3058258072720504
2018-08-01,odisha,Balasore,21.5006421,86.919884,0.2690665122877502
2018-09-01,odisha,Balasore,21.5006421,86.919884,0.3045742154353706
2018-10-01,odisha,Balasore,21.5006421,86.919884,0.2043284489249545
2018-11-01,odisha,Balasore,21.5006421,86.919884,0.311937580269219
2018-12-01,odisha,Balasore,21.5006421,86.919884,0.2423597301624961
2019-01-01,odisha,Balasore,21.5006421,86.919884,0.3684459584179159
2019-02-01,odisha,Balasore,21.5006421,86.919884,0.2881285747439693
2019-03-01,odisha,Balasore,21.5006421,86.919884,0.3982166376562405
2019-04-01,odisha,Balasore,21.5006421,86.919884,0.3117357192524547
2019-05-01,odisha,Balasore,21.5006421,86.919884,0.4148152381352399
2019-06-01,odisha,Balasore,21.5006421,86.919884,0.2857426212617769
2019-07-01,odisha,Balasore,21.5006421,86.919884,0.4632057779054409
2019-08-01,odisha,Balasore,21.5006421,86.919884,0.3096957864229923
2019-09-01,odisha,Balasore,21.5006421,86.919884,0.5223271455269524
2019-10-01,odisha,Balasore,21.5006421,86.919884,0.3451034061879253
2019-11-01,odisha,Balasore,21.5006421,86.919884,0.5745845875118181
2019-12-01,odisha,Balasore,21.5006421,86.919884,0.3969248142705395
2020-01-01,odisha,Balasore,21.5006421,86.919884,0.5937587733097449
2020-02-01,odisha,Balasore,21.5006421,86.919884,0.3796767078880357
2020-03-01,odisha,Balasore,21.5006421,86.919884,0.6482062325604021
2020-04-01,odisha,Balasore,21.5006421,86.919884,0.4213487911232608
2020-05-01,odisha,Balasore,21.5006421,86.919884,0.5711773102357142
2020-06-01,odisha,Balasore,21.5006421,86.919884,0.3591059935750272
2020-07-01,odisha,Balasore,21.5006421,86.919884,0.6322776859097979
2020-08-01,odisha,Balasore,21.5006421,86.919884,0.3808599011126614
2020-09-01,odisha,Balasore,21.5006421,86.919884,0.689188208114235
2020-10-01,odisha,Balasore,21.5006421,86.919884,0.3654806356296763
2020-11-01,odisha,Balasore,21.5006421,86.919884,0.6849836595165464
2020-12-01,odisha,Balasore,21.5006421,86.919884,0.400295075970963
2021-01-01,odisha,Balasore,21.5006421,86.919884,0.5906467260987767
2021-02-01,odisha,Balasore,21.5006421,86.919884,0.3779899025313611
2021-03-01,odisha,Balasore,21.5006421,86.919884,0.5980632190354083
2021-04-01,odisha,Balasore,21.5006421,86.919884,0.4080571414297483
2021-05-01,odisha,Balasore,21.5006421,86.919884,0.5486301663035217
2021-06-01,odisha,Balasore,21.5006421,86.919884,0.3481427242745422
2021-07-01,odisha,Balasore,21.5006421,86.919884,0.4732039095358929
2021-08-01,odisha,Balasore,21.5006421,86.919884,0.3510741705504482
2021-09-01,odisha,Balasore,21.5006421,86.919884,0.4101982841272798
2021-10-01,odisha,Balasore,21.5006421,86.919884,0.379293024071233
2021-11-01,odisha,Balasore,21.5006421,86.919884,0.386843043423151
2021-12-01,odisha,Balasore,21.5006421,86.919884,0.3731134317478373
2022-01-01,odisha,Balasore,21.5006421,86.919884,0.3429925491620107
2022-02-01,odisha,Balasore,21.5006421,86.919884,0.3461827324947774
2022-03-01,odisha,Balasore,21.5006421,86.919884,0.2989489564110945
2022-04-01,odisha,Balasore,21.5006421,86.919884,0.3873635516833247
2022-05-01,odisha,Balasore,21.5006421,86.919884,0.2903271623556981
2022-06-01,odisha,Balasore,21.5006421,86.919884,0.3110688209323783
2022-07-01,odisha,Balasore,21.5006421,86.919884,0.3083043237338908
2022-08-01,odisha,Balasore,21.5006421,86.919884,0.3622463293121136
2022-09-01,odisha,Balasore,21.5006421,86.919884,0.3558702099909525
2022-10-01,odisha,Balasore,21.5006421,86.919884,0.4024124101505445
2022-11-01,odisha,Balasore,21.5006421,86.919884,0.3569568706908483
2022-12-01,odisha,Balasore,21.5006421,86.919884,0.3867870551009217
2023-01-01,odisha,Balasore,21.5006421,86.919884,0.312862659772827
2023-02-01,odisha,Balasore,21.5006421,86.919884,0.4080850790674322
2023-03-01,odisha,Balasore,21.5006421,86.919884,0.3198583877285798
2023-04-01,odisha,Balasore,21.5006421,86.919884,0.4120289369870902
2023-05-01,odisha,Balasore,21.5006421,86.919884,0.2659129469675448
2023-06-01,odisha,Balasore,21.5006421,86.919884,0.3772378869224354
2023-07-01,odisha,Balasore,21.5006421,86.919884,0.2458159001641326
2023-08-01,odisha,Balasore,21.5006421,86.919884,0.3717906853009425
2023-09-01,odisha,Balasore,21.5006421,86.919884,0.2851879597116069
2023-10-01,odisha,Balasore,21.5006421,86.919884,0.4257639596818988
2023-11-01,odisha,Balasore,21.5006421,86.919884,0.323812732860673
2023-12-01,odisha,Balasore,21.5006421,86.919884,0.4071392097209019
2024-01-01,odisha,Balasore,21.5006421,86.919884,0.3571011068758657
2024-02-01,odisha,Balasore,21.5006421,86.919884,0.3861211577480356
2024-03-01,odisha,Balasore,21.5006421,86.919884,0.3307731354865458
2024-04-01,odisha,Balasore,21.5006421,86.919884,0.3677101125509419
2024-05-01,odisha,Balasore,21.5006421,86.919884,0.3413259376460265
2024-06-01,odisha,Balasore,21.5006421,86.919884,0.4283680980758014
2024-07-01,odisha,Balasore,21.5006421,86.919884,0.3580045687940933
2024-08-01,odisha,Balasore,21.5006421,86.919884,0.3644448209175988
2024-09-01,odisha,Balasore,21.5006421,86.919884,0.3483632954808974
2024-10-01,odisha,Balasore,21.5006421,86.919884,0.3966531753461052
2012-02-01,odisha,Bargarh,21.3477634,83.65768299,0.4717099135377471
2012-03-01,odisha,Bargarh,21.3477634,83.65768299,0.4358460525999635
2012-04-01,odisha,Bargarh,21.3477634,83.65768299,0.4644865179732736
2012-05-01,odisha,Bargarh,21.3477634,83.65768299,0.4235424259701606
2012-06-01,odisha,Bargarh,21.3477634,83.65768299,0.4033562855543625
2012-07-01,odisha,Bargarh,21.3477634,83.65768299,0.6653646764015771
2012-08-01,odisha,Bargarh,21.3477634,83.65768299,0.3797416827435286
2012-09-01,odisha,Bargarh,21.3477634,83.65768299,0.5108073754724938
2012-10-01,odisha,Bargarh,21.3477634,83.65768299,0.5387107937204599
2012-11-01,odisha,Bargarh,21.3477634,83.65768299,0.457237667688167
2012-12-01,odisha,Bargarh,21.3477634,83.65768299,0.5410656735252523
2013-01-01,odisha,Bargarh,21.3477634,83.65768299,0.4677925905329134
2013-02-01,odisha,Bargarh,21.3477634,83.65768299,0.4498770907043736
2013-03-01,odisha,Bargarh,21.3477634,83.65768299,0.4335615736470799
2013-04-01,odisha,Bargarh,21.3477634,83.65768299,0.412117234623029
2013-05-01,odisha,Bargarh,21.3477634,83.65768299,0.4284098479866804
2013-06-01,odisha,Bargarh,21.3477634,83.65768299,0.4740574487961727
2013-07-01,odisha,Bargarh,21.3477634,83.65768299,0.3166187720351232
2013-08-01,odisha,Bargarh,21.3477634,83.65768299,0.4446414990461651
2013-09-01,odisha,Bargarh,21.3477634,83.65768299,0.4019037856949045
2013-10-01,odisha,Bargarh,21.3477634,83.65768299,0.4075648199252124
2013-11-01,odisha,Bargarh,21.3477634,83.65768299,0.4239315556515238
2013-12-01,odisha,Bargarh,21.3477634,83.65768299,0.5012841885097982
2014-01-01,odisha,Bargarh,21.3477634,83.65768299,0.321900049400399
2014-02-01,odisha,Bargarh,21.3477634,83.65768299,0.4490896011826967
2014-03-01,odisha,Bargarh,21.3477634,83.65768299,0.4238939847364057
2014-04-01,odisha,Bargarh,21.3477634,83.65768299,0.4064684484856172
2014-05-01,odisha,Bargarh,21.3477634,83.65768299,0.3779029467648158
2014-06-01,odisha,Bargarh,21.3477634,83.65768299,0.4465247423029759
2014-07-01,odisha,Bargarh,21.3477634,83.65768299,0.3331584335235433
2014-08-01,odisha,Bargarh,21.3477634,83.65768299,0.5397736683557466
2014-09-01,odisha,Bargarh,21.3477634,83.65768299,0.365992521076
2014-10-01,odisha,Bargarh,21.3477634,83.65768299,0.4148481099043585
2014-11-01,odisha,Bargarh,21.3477634,83.65768299,0.4118472460507987
2014-12-01,odisha,Bargarh,21.3477634,83.65768299,0.4473134031056693
2015-01-01,odisha,Bargarh,21.3477634,83.65768299,0.436542045324644
2015-02-01,odisha,Bargarh,21.3477634,83.65768299,0.382009506396214
2015-03-01,odisha,Bargarh,21.3477634,83.65768299,0.4069090396356794
2015-04-01,odisha,Bargarh,21.3477634,83.65768299,0.4598374823267628
2015-05-01,odisha,Bargarh,21.3477634,83.65768299,0.3664095871720162
2015-06-01,odisha,Bargarh,21.3477634,83.65768299,0.3775535739942622
2015-07-01,odisha,Bargarh,21.3477634,83.65768299,0.4087474233132249
2015-08-01,odisha,Bargarh,21.3477634,83.65768299,0.4426995905840886
2015-09-01,odisha,Bargarh,21.3477634,83.65768299,0.3774745112446044
2015-10-01,odisha,Bargarh,21.3477634,83.65768299,0.37568133613964
2015-11-01,odisha,Bargarh,21.3477634,83.65768299,0.3810368290707485
2015-12-01,odisha,Bargarh,21.3477634,83.65768299,0.3771104479047147
2016-01-01,odisha,Bargarh,21.3477634,83.65768299,0.3590889537414234
2016-02-01,odisha,Bargarh,21.3477634,83.65768299,0.3485291221549481
2016-03-01,odisha,Bargarh,21.3477634,83.65768299,0.3995897574145948
2016-04-01,odisha,Bargarh,21.3477634,83.65768299,0.3533531961260304
2016-05-01,odisha,Bargarh,21.3477634,83.65768299,0.3376607448750518
2016-06-01,odisha,Bargarh,21.3477634,83.65768299,0.4857940162397971
2016-07-01,odisha,Bargarh,21.3477634,83.65768299,0.3096113483616889
2016-08-01,odisha,Bargarh,21.3477634,83.65768299,0.4080110426676589
2016-09-01,odisha,Bargarh,21.3477634,83.65768299,0.4177229316537745
2016-10-01,odisha,Bargarh,21.3477634,83.65768299,0.3619088409469723
2016-11-01,odisha,Bargarh,21.3477634,83.65768299,0.4683651783961735
2016-12-01,odisha,Bargarh,21.3477634,83.65768299,0.3507741387475164
2017-01-01,odisha,Bargarh,21.3477634,83.65768299,0.4052406203384431
2017-02-01,odisha,Bargarh,21.3477634,83.65768299,0.3547772685323219
2017-03-01,odisha,Bargarh,21.3477634,83.65768299,0.5990889962244055
2017-04-01,odisha,Bargarh,21.3477634,83.65768299,0.3802551878735999
2017-05-01,odisha,Bargarh,21.3477634,83.65768299,0.3783494125739757
2017-06-01,odisha,Bargarh,21.3477634,83.65768299,0.5615708302397033
2017-07-01,odisha,Bargarh,21.3477634,83.65768299,0.4134348350638897
2017-08-01,odisha,Bargarh,21.3477634,83.65768299,0.5599796142822696
2017-09-01,odisha,Bargarh,21.3477634,83.65768299,0.3764532678081748
2017-10-01,odisha,Bargarh,21.3477634,83.65768299,0.8623972379266861
2017-11-01,odisha,Bargarh,21.3477634,83.65768299,0.4035873232125298
2017-12-01,odisha,Bargarh,21.3477634,83.65768299,0.5492038867228259
2018-01-01,odisha,Bargarh,21.3477634,83.65768299,0.5121428341025953
2018-02-01,odisha,Bargarh,21.3477634,83.65768299,0.5244060447479694
2018-03-01,odisha,Bargarh,21.3477634,83.65768299,0.6161718269169785
2018-04-01,odisha,Bargarh,21.3477634,83.65768299,0.5046929188390136
2018-05-01,odisha,Bargarh,21.3477634,83.65768299,0.4452663289036275
2018-06-01,odisha,Bargarh,21.3477634,83.65768299,0.4698683255432471
2018-07-01,odisha,Bargarh,21.3477634,83.65768299,0.4506701978226207
2018-08-01,odisha,Bargarh,21.3477634,83.65768299,0.5472418693915003
2018-09-01,odisha,Bargarh,21.3477634,83.65768299,0.4047098396221907
2018-10-01,odisha,Bargarh,21.3477634,83.65768299,0.3967925268756269
2018-11-01,odisha,Bargarh,21.3477634,83.65768299,0.4192429930737122
2018-12-01,odisha,Bargarh,21.3477634,83.65768299,0.4555220041493791
2019-01-01,odisha,Bargarh,21.3477634,83.65768299,0.3448529456102458
2019-02-01,odisha,Bargarh,21.3477634,83.65768299,0.3962940837466774
2019-03-01,odisha,Bargarh,21.3477634,83.65768299,0.3827404050699975
2019-04-01,odisha,Bargarh,21.3477634,83.65768299,0.4030931450702789
2019-05-01,odisha,Bargarh,21.3477634,83.65768299,0.3130592769917531
2019-06-01,odisha,Bargarh,21.3477634,83.65768299,0.3775440576205331
2019-07-01,odisha,Bargarh,21.3477634,83.65768299,0.4611124255902827
2019-08-01,odisha,Bargarh,21.3477634,83.65768299,0.4199772724439514
2019-09-01,odisha,Bargarh,21.3477634,83.65768299,0.3383358364816158
2019-10-01,odisha,Bargarh,21.3477634,83.65768299,0.4697477027806341
2019-11-01,odisha,Bargarh,21.3477634,83.65768299,0.3766550418169331
2019-12-01,odisha,Bargarh,21.3477634,83.65768299,0.4325214594544054
2020-01-01,odisha,Bargarh,21.3477634,83.65768299,0.4839444662684102
2020-02-01,odisha,Bargarh,21.3477634,83.65768299,0.344684139216076
2020-03-01,odisha,Bargarh,21.3477634,83.65768299,0.4581166840910244
2020-04-01,odisha,Bargarh,21.3477634,83.65768299,0.3680632199115131
2020-05-01,odisha,Bargarh,21.3477634,83.65768299,0.3853227893591558
2020-06-01,odisha,Bargarh,21.3477634,83.65768299,0.4727720217249324
2020-07-01,odisha,Bargarh,21.3477634,83.65768299,0.4479410553755973
2020-08-01,odisha,Bargarh,21.3477634,83.65768299,0.3654520041827923
2020-09-01,odisha,Bargarh,21.3477634,83.65768299,0.496459010983341
2020-10-01,odisha,Bargarh,21.3477634,83.65768299,0.4317028846886879
2020-11-01,odisha,Bargarh,21.3477634,83.65768299,0.5848191234222911
2020-12-01,odisha,Bargarh,21.3477634,83.65768299,0.5015358434364272
2021-01-01,odisha,Bargarh,21.3477634,83.65768299,0.4342479159154783
2021-02-01,odisha,Bargarh,21.3477634,83.65768299,0.5825851029836792
2021-03-01,odisha,Bargarh,21.3477634,83.65768299,0.5870386102435374
2021-04-01,odisha,Bargarh,21.3477634,83.65768299,0.42805322877363
2021-05-01,odisha,Bargarh,21.3477634,83.65768299,0.491794327505603
2021-06-01,odisha,Bargarh,21.3477634,83.65768299,0.527410998921294
2021-07-01,odisha,Bargarh,21.3477634,83.65768299,0.3961841390975475
2021-08-01,odisha,Bargarh,21.3477634,83.65768299,0.4714723464615342
2021-09-01,odisha,Bargarh,21.3477634,83.65768299,0.5038867024026678
2021-10-01,odisha,Bargarh,21.3477634,83.65768299,0.3642065075794213
2021-11-01,odisha,Bargarh,21.3477634,83.65768299,0.4490619781285953
2021-12-01,odisha,Bargarh,21.3477634,83.65768299,0.3831738460837889
2022-01-01,odisha,Bargarh,21.3477634,83.65768299,0.5755648535487309
2022-02-01,odisha,Bargarh,21.3477634,83.65768299,0.3540589661487642
2022-03-01,odisha,Bargarh,21.3477634,83.65768299,0.3925406874756973
2022-04-01,odisha,Bargarh,21.3477634,83.65768299,0.4449198566655081
2022-05-01,odisha,Bargarh,21.3477634,83.65768299,0.4188789908114416
2022-06-01,odisha,Bargarh,21.3477634,83.65768299,0.4961068237435833
2022-07-01,odisha,Bargarh,21.3477634,83.65768299,0.3416395183320092
2022-08-01,odisha,Bargarh,21.3477634,83.65768299,0.4565533139056089
2022-09-01,odisha,Bargarh,21.3477634,83.65768299,0.4440171841546073
2022-10-01,odisha,Bargarh,21.3477634,83.65768299,0.3871867745128025
2022-11-01,odisha,Bargarh,21.3477634,83.65768299,0.4055972045280423
2022-12-01,odisha,Bargarh,21.3477634,83.65768299,0.4680549805997465
2023-01-01,odisha,Bargarh,21.3477634,83.65768299,0.3410346317970881
2023-02-01,odisha,Bargarh,21.3477634,83.65768299,0.4217424729776318
2023-03-01,odisha,Bargarh,21.3477634,83.65768299,0.3471671282309858
2023-04-01,odisha,Bargarh,21.3477634,83.65768299,0.3629588160656798
2023-05-01,odisha,Bargarh,21.3477634,83.65768299,0.3482871895287328
2023-06-01,odisha,Bargarh,21.3477634,83.65768299,0.3252654583789532
2023-07-01,odisha,Bargarh,21.3477634,83.65768299,0.3273174431301702
2023-08-01,odisha,Bargarh,21.3477634,83.65768299,0.3430890255440626
2023-09-01,odisha,Bargarh,21.3477634,83.65768299,0.3212102569913984
2023-10-01,odisha,Bargarh,21.3477634,83.65768299,0.3764504473840172
2023-11-01,odisha,Bargarh,21.3477634,83.65768299,0.3067159056513325
2023-12-01,odisha,Bargarh,21.3477634,83.65768299,0.3334994241853581
2024-01-01,odisha,Bargarh,21.3477634,83.65768299,0.40001115676135
2024-02-01,odisha,Bargarh,21.3477634,83.65768299,0.3134522317406463
2024-03-01,odisha,Bargarh,21.3477634,83.65768299,0.3368205055229797
2024-04-01,odisha,Bargarh,21.3477634,83.65768299,0.3620061584784462
2024-05-01,odisha,Bargarh,21.3477634,83.65768299,0.3371058158419645
2024-06-01,odisha,Bargarh,21.3477634,83.65768299,0.3566215563815884
2024-07-01,odisha,Bargarh,21.3477634,83.65768299,0.3113962563339178
2024-08-01,odisha,Bargarh,21.3477634,83.65768299,0.3779263860708136
2024-09-01,odisha,Bargarh,21.3477634,83.65768299,0.3285061976757132
2024-10-01,odisha,Bargarh,21.3477634,83.65768299,0.3727945750617485
2012-02-01,odisha,Dhenkanal,20.83514935,85.60223048,0.45578762233123
2012-03-01,odisha,Dhenkanal,20.83514935,85.60223048,0.5065097880209604
2012-04-01,odisha,Dhenkanal,20.83514935,85.60223048,0.4085600978952066
2012-05-01,odisha,Dhenkanal,20.83514935,85.60223048,0.4633619356456648
2012-06-01,odisha,Dhenkanal,20.83514935,85.60223048,0.4597285486401842
2012-07-01,odisha,Dhenkanal,20.83514935,85.60223048,0.2476895694801437
2012-08-01,odisha,Dhenkanal,20.83514935,85.60223048,0.2561058895750123
2012-09-01,odisha,Dhenkanal,20.83514935,85.60223048,0.2176459432308454
2012-10-01,odisha,Dhenkanal,20.83514935,85.60223048,0.2634724091916371
2012-11-01,odisha,Dhenkanal,20.83514935,85.60223048,0.2941828090349168
2012-12-01,odisha,Dhenkanal,20.83514935,85.60223048,0.3514033615436379
2013-01-01,odisha,Dhenkanal,20.83514935,85.60223048,0.4420798390907826
2013-02-01,odisha,Dhenkanal,20.83514935,85.60223048,0.5004138222421558
2013-03-01,odisha,Dhenkanal,20.83514935,85.60223048,0.6068247351390501
2013-04-01,odisha,Dhenkanal,20.83514935,85.60223048,0.644912643772139
2013-05-01,odisha,Dhenkanal,20.83514935,85.60223048,0.727916109338699
2013-06-01,odisha,Dhenkanal,20.83514935,85.60223048,0.5314928084350982
2013-07-01,odisha,Dhenkanal,20.83514935,85.60223048,0.553923690474026
2013-08-01,odisha,Dhenkanal,20.83514935,85.60223048,0.3565983992227879
2013-09-01,odisha,Dhenkanal,20.83514935,85.60223048,0.3970603336503478
2013-10-01,odisha,Dhenkanal,20.83514935,85.60223048,0.4113794531244985
2013-11-01,odisha,Dhenkanal,20.83514935,85.60223048,0.284145852964242
2013-12-01,odisha,Dhenkanal,20.83514935,85.60223048,0.302941933476625
2014-01-01,odisha,Dhenkanal,20.83514935,85.60223048,0.3582318550658083
2014-02-01,odisha,Dhenkanal,20.83514935,85.60223048,0.4478166984975328
2014-03-01,odisha,Dhenkanal,20.83514935,85.60223048,0.3527463034672742
2014-04-01,odisha,Dhenkanal,20.83514935,85.60223048,0.403083018690951
2014-05-01,odisha,Dhenkanal,20.83514935,85.60223048,0.4771533840203617
2014-06-01,odisha,Dhenkanal,20.83514935,85.60223048,0.486966963599366
2014-07-01,odisha,Dhenkanal,20.83514935,85.60223048,0.2278009026467067
2014-08-01,odisha,Dhenkanal,20.83514935,85.60223048,0.1925265644497414
2014-09-01,odisha,Dhenkanal,20.83514935,85.60223048,0.2678046643351023
2014-10-01,odisha,Dhenkanal,20.83514935,85.60223048,0.3469197952343462
2014-11-01,odisha,Dhenkanal,20.83514935,85.60223048,0.3258081241963749
2014-12-01,odisha,Dhenkanal,20.83514935,85.60223048,0.3987440266909256
2015-01-01,odisha,Dhenkanal,20.83514935,85.60223048,0.4369722568863263
2015-02-01,odisha,Dhenkanal,20.83514935,85.60223048,0.557987203701201
2015-03-01,odisha,Dhenkanal,20.83514935,85.60223048,0.6075760138310863
2015-04-01,odisha,Dhenkanal,20.83514935,85.60223048,0.3774594014518569
2015-05-01,odisha,Dhenkanal,20.83514935,85.60223048,0.3755559839705857
2015-06-01,odisha,Dhenkanal,20.83514935,85.60223048,0.2995130704291787
2015-07-01,odisha,Dhenkanal,20.83514935,85.60223048,0.3348049584265813
2015-08-01,odisha,Dhenkanal,20.83514935,85.60223048,0.2667991838612822
2015-09-01,odisha,Dhenkanal,20.83514935,85.60223048,0.3385861128044974
2015-10-01,odisha,Dhenkanal,20.83514935,85.60223048,0.3074035526049798
2015-11-01,odisha,Dhenkanal,20.83514935,85.60223048,0.2203938207522948
2015-12-01,odisha,Dhenkanal,20.83514935,85.60223048,0.2411193218865468
2016-01-01,odisha,Dhenkanal,20.83514935,85.60223048,0.2263999115870964
2016-02-01,odisha,Dhenkanal,20.83514935,85.60223048,0.2794823750696458
2016-03-01,odisha,Dhenkanal,20.83514935,85.60223048,0.232993825530012
2016-04-01,odisha,Dhenkanal,20.83514935,85.60223048,0.1995088792660746
2016-05-01,odisha,Dhenkanal,20.83514935,85.60223048,0.2754104918625648
2016-06-01,odisha,Dhenkanal,20.83514935,85.60223048,0.2622293254396204
2016-07-01,odisha,Dhenkanal,20.83514935,85.60223048,0.2197340961054275
2016-08-01,odisha,Dhenkanal,20.83514935,85.60223048,0.1637390330673474
2016-09-01,odisha,Dhenkanal,20.83514935,85.60223048,0.1854744993589099
2016-10-01,odisha,Dhenkanal,20.83514935,85.60223048,0.2365741124489785
2016-11-01,odisha,Dhenkanal,20.83514935,85.60223048,0.3130551405486602
2016-12-01,odisha,Dhenkanal,20.83514935,85.60223048,0.3728291967774708
2017-01-01,odisha,Dhenkanal,20.83514935,85.60223048,0.4713538566273744
2017-02-01,odisha,Dhenkanal,20.83514935,85.60223048,0.5900315417769945
2017-03-01,odisha,Dhenkanal,20.83514935,85.60223048,0.5692933827010752
2017-04-01,odisha,Dhenkanal,20.83514935,85.60223048,0.4150054877067093
2017-05-01,odisha,Dhenkanal,20.83514935,85.60223048,0.4073239276813877
2017-06-01,odisha,Dhenkanal,20.83514935,85.60223048,0.4638037504927981
2017-07-01,odisha,Dhenkanal,20.83514935,85.60223048,0.3923728217901061
2017-08-01,odisha,Dhenkanal,20.83514935,85.60223048,0.2852726471706156
2017-09-01,odisha,Dhenkanal,20.83514935,85.60223048,0.3560279616742662
2017-10-01,odisha,Dhenkanal,20.83514935,85.60223048,0.3253786352318922
2017-11-01,odisha,Dhenkanal,20.83514935,85.60223048,0.2560900215979603
2017-12-01,odisha,Dhenkanal,20.83514935,85.60223048,0.1933549090500829
2018-01-01,odisha,Dhenkanal,20.83514935,85.60223048,0.2334136523413872
2018-02-01,odisha,Dhenkanal,20.83514935,85.60223048,0.3372132244004657
2018-03-01,odisha,Dhenkanal,20.83514935,85.60223048,0.3597867745213921
2018-04-01,odisha,Dhenkanal,20.83514935,85.60223048,0.2536697481464584
2018-05-01,odisha,Dhenkanal,20.83514935,85.60223048,0.1803171445084343
2018-06-01,odisha,Dhenkanal,20.83514935,85.60223048,0.2085309190326342
2018-07-01,odisha,Dhenkanal,20.83514935,85.60223048,0.2039792767267577
2018-08-01,odisha,Dhenkanal,20.83514935,85.60223048,0.1712671194621668
2018-09-01,odisha,Dhenkanal,20.83514935,85.60223048,0.1849205824042098
2018-10-01,odisha,Dhenkanal,20.83514935,85.60223048,0.2460000065401098
2018-11-01,odisha,Dhenkanal,20.83514935,85.60223048,0.2131181655145281
2018-12-01,odisha,Dhenkanal,20.83514935,85.60223048,0.2455733196109282
2019-01-01,odisha,Dhenkanal,20.83514935,85.60223048,0.3293387224750954
2019-02-01,odisha,Dhenkanal,20.83514935,85.60223048,0.398880177240113
2019-03-01,odisha,Dhenkanal,20.83514935,85.60223048,0.471652696150548
2019-04-01,odisha,Dhenkanal,20.83514935,85.60223048,0.2823433330705368
2019-05-01,odisha,Dhenkanal,20.83514935,85.60223048,0.2956419905646638
2019-06-01,odisha,Dhenkanal,20.83514935,85.60223048,0.190214761937071
2019-07-01,odisha,Dhenkanal,20.83514935,85.60223048,0.1826527985645501
2019-08-01,odisha,Dhenkanal,20.83514935,85.60223048,0.2422704868219277
2019-09-01,odisha,Dhenkanal,20.83514935,85.60223048,0.3004852759246584
2019-10-01,odisha,Dhenkanal,20.83514935,85.60223048,0.2873866458474124
2019-11-01,odisha,Dhenkanal,20.83514935,85.60223048,0.2779488244037684
2019-12-01,odisha,Dhenkanal,20.83514935,85.60223048,0.3015828007260811
2020-01-01,odisha,Dhenkanal,20.83514935,85.60223048,0.3704150356925847
2020-02-01,odisha,Dhenkanal,20.83514935,85.60223048,0.4208801930266634
2020-03-01,odisha,Dhenkanal,20.83514935,85.60223048,0.4341268157620414
2020-04-01,odisha,Dhenkanal,20.83514935,85.60223048,0.5402018279226448
2020-05-01,odisha,Dhenkanal,20.83514935,85.60223048,0.5758283173639676
2020-06-01,odisha,Dhenkanal,20.83514935,85.60223048,0.5807599104856396
2020-07-01,odisha,Dhenkanal,20.83514935,85.60223048,0.3452701172338297
2020-08-01,odisha,Dhenkanal,20.83514935,85.60223048,0.3564668602442403
2020-09-01,odisha,Dhenkanal,20.83514935,85.60223048,0.2825471331877066
2020-10-01,odisha,Dhenkanal,20.83514935,85.60223048,0.2912998579148766
2020-11-01,odisha,Dhenkanal,20.83514935,85.60223048,0.2880784534658105
2020-12-01,odisha,Dhenkanal,20.83514935,85.60223048,0.3606313838779398
2021-01-01,odisha,Dhenkanal,20.83514935,85.60223048,0.3720931261437935
2021-02-01,odisha,Dhenkanal,20.83514935,85.60223048,0.43675772199759
2021-03-01,odisha,Dhenkanal,20.83514935,85.60223048,0.5610089758839926
2021-04-01,odisha,Dhenkanal,20.83514935,85.60223048,0.6081209790473301
2021-05-01,odisha,Dhenkanal,20.83514935,85.60223048,0.5271309675562533
2021-06-01,odisha,Dhenkanal,20.83514935,85.60223048,0.5196222941535116
2021-07-01,odisha,Dhenkanal,20.83514935,85.60223048,0.3990583902912904
2021-08-01,odisha,Dhenkanal,20.83514935,85.60223048,0.434926201242216
2021-09-01,odisha,Dhenkanal,20.83514935,85.60223048,0.4728134514302921
2021-10-01,odisha,Dhenkanal,20.83514935,85.60223048,0.4945701547882051
2021-11-01,odisha,Dhenkanal,20.83514935,85.60223048,0.4330458195395135
2021-12-01,odisha,Dhenkanal,20.83514935,85.60223048,0.4787026855641559
2022-01-01,odisha,Dhenkanal,20.83514935,85.60223048,0.4515495303079522
2022-02-01,odisha,Dhenkanal,20.83514935,85.60223048,0.5192104363951819
2022-03-01,odisha,Dhenkanal,20.83514935,85.60223048,0.5871749065502526
2022-04-01,odisha,Dhenkanal,20.83514935,85.60223048,0.5946139731811299
2022-05-01,odisha,Dhenkanal,20.83514935,85.60223048,0.5132353596904197
2022-06-01,odisha,Dhenkanal,20.83514935,85.60223048,0.5866092017279576
2022-07-01,odisha,Dhenkanal,20.83514935,85.60223048,0.4279934097012062
2022-08-01,odisha,Dhenkanal,20.83514935,85.60223048,0.4482875365936775
2022-09-01,odisha,Dhenkanal,20.83514935,85.60223048,0.3719562097396267
2022-10-01,odisha,Dhenkanal,20.83514935,85.60223048,0.4325434302011877
2022-11-01,odisha,Dhenkanal,20.83514935,85.60223048,0.3654829117315788
2022-12-01,odisha,Dhenkanal,20.83514935,85.60223048,0.4797740217182192
2023-01-01,odisha,Dhenkanal,20.83514935,85.60223048,0.3413702897048825
2023-02-01,odisha,Dhenkanal,20.83514935,85.60223048,0.3468135974366878
2023-03-01,odisha,Dhenkanal,20.83514935,85.60223048,0.442639151160565
2023-04-01,odisha,Dhenkanal,20.83514935,85.60223048,0.343265620414435
2023-05-01,odisha,Dhenkanal,20.83514935,85.60223048,0.3868376604965371
2023-06-01,odisha,Dhenkanal,20.83514935,85.60223048,0.2737617566706153
2023-07-01,odisha,Dhenkanal,20.83514935,85.60223048,0.2256255927460034
2023-08-01,odisha,Dhenkanal,20.83514935,85.60223048,0.2272116497576178
2023-09-01,odisha,Dhenkanal,20.83514935,85.60223048,0.2087581675412282
2023-10-01,odisha,Dhenkanal,20.83514935,85.60223048,0.2477611757224294
2023-11-01,odisha,Dhenkanal,20.83514935,85.60223048,0.3452421229964829
2023-12-01,odisha,Dhenkanal,20.83514935,85.60223048,0.3244322510795017
2024-01-01,odisha,Dhenkanal,20.83514935,85.60223048,0.2594995505738923
2024-02-01,odisha,Dhenkanal,20.83514935,85.60223048,0.3400670223378975
2024-03-01,odisha,Dhenkanal,20.83514935,85.60223048,0.3384592711652563
2024-04-01,odisha,Dhenkanal,20.83514935,85.60223048,0.3920412700412413
2024-05-01,odisha,Dhenkanal,20.83514935,85.60223048,0.3492253206082959
2024-06-01,odisha,Dhenkanal,20.83514935,85.60223048,0.3070650618591705
2024-07-01,odisha,Dhenkanal,20.83514935,85.60223048,0.1739242054582679
2024-08-01,odisha,Dhenkanal,20.83514935,85.60223048,0.1737373397984598
2024-09-01,odisha,Dhenkanal,20.83514935,85.60223048,0.2447756731818877
2024-10-01,odisha,Dhenkanal,20.83514935,85.60223048,0.3225134446861372
2012-02-01,odisha,Ganjam,19.3883898,85.0496786,0.4289465246666225
2012-03-01,odisha,Ganjam,19.3883898,85.0496786,0.366694114521801
2012-04-01,odisha,Ganjam,19.3883898,85.0496786,0.4448982614990094
2012-05-01,odisha,Ganjam,19.3883898,85.0496786,0.3196454235930072
2012-06-01,odisha,Ganjam,19.3883898,85.0496786,0.4411680435147435
2012-07-01,odisha,Ganjam,19.3883898,85.0496786,0.4055805858654977
2012-08-01,odisha,Ganjam,19.3883898,85.0496786,0.5088375968291001
2012-09-01,odisha,Ganjam,19.3883898,85.0496786,0.39514138979873
2012-10-01,odisha,Ganjam,19.3883898,85.0496786,0.4094855249164446
2012-11-01,odisha,Ganjam,19.3883898,85.0496786,0.3912977889347602
2012-12-01,odisha,Ganjam,19.3883898,85.0496786,0.3350031007543501
2013-01-01,odisha,Ganjam,19.3883898,85.0496786,0.488724378117581
2013-02-01,odisha,Ganjam,19.3883898,85.0496786,0.3182032936515174
2013-03-01,odisha,Ganjam,19.3883898,85.0496786,0.3837157216179459
2013-04-01,odisha,Ganjam,19.3883898,85.0496786,0.3049742863838756
2013-05-01,odisha,Ganjam,19.3883898,85.0496786,0.3270400767007338
2013-06-01,odisha,Ganjam,19.3883898,85.0496786,0.4909509300466116
2013-07-01,odisha,Ganjam,19.3883898,85.0496786,0.3580264849422612
2013-08-01,odisha,Ganjam,19.3883898,85.0496786,0.5482629167404587
2013-09-01,odisha,Ganjam,19.3883898,85.0496786,0.3747235275157039
2013-10-01,odisha,Ganjam,19.3883898,85.0496786,0.4817748104521271
2013-11-01,odisha,Ganjam,19.3883898,85.0496786,0.3938262025884525
2013-12-01,odisha,Ganjam,19.3883898,85.0496786,0.4142557739192559
2014-01-01,odisha,Ganjam,19.3883898,85.0496786,0.5906828220660841
2014-02-01,odisha,Ganjam,19.3883898,85.0496786,0.3872380621743795
2014-03-01,odisha,Ganjam,19.3883898,85.0496786,0.4867035902923439
2014-04-01,odisha,Ganjam,19.3883898,85.0496786,0.6529595659136819
2014-05-01,odisha,Ganjam,19.3883898,85.0496786,0.624530324105229
2014-06-01,odisha,Ganjam,19.3883898,85.0496786,0.5404618736887952
2014-07-01,odisha,Ganjam,19.3883898,85.0496786,0.6130420564103058
2014-08-01,odisha,Ganjam,19.3883898,85.0496786,0.403185502984624
2014-09-01,odisha,Ganjam,19.3883898,85.0496786,0.483905330265389
2014-10-01,odisha,Ganjam,19.3883898,85.0496786,0.3949469299822666
2014-11-01,odisha,Ganjam,19.3883898,85.0496786,0.3991987729335166
2014-12-01,odisha,Ganjam,19.3883898,85.0496786,0.3556624066760476
2015-01-01,odisha,Ganjam,19.3883898,85.0496786,0.3721487768097385
2015-02-01,odisha,Ganjam,19.3883898,85.0496786,0.305813174586131
2015-03-01,odisha,Ganjam,19.3883898,85.0496786,0.3331233404480597
2015-04-01,odisha,Ganjam,19.3883898,85.0496786,0.3893828182487582
2015-05-01,odisha,Ganjam,19.3883898,85.0496786,0.3610099010742134
2015-06-01,odisha,Ganjam,19.3883898,85.0496786,0.4042489026547436
2015-07-01,odisha,Ganjam,19.3883898,85.0496786,0.3429140023752118
2015-08-01,odisha,Ganjam,19.3883898,85.0496786,0.4120357749607665
2015-09-01,odisha,Ganjam,19.3883898,85.0496786,0.3023434531676003
2015-10-01,odisha,Ganjam,19.3883898,85.0496786,0.4874940087964938
2015-11-01,odisha,Ganjam,19.3883898,85.0496786,0.3324046154837674
2015-12-01,odisha,Ganjam,19.3883898,85.0496786,0.3976319370352972
2016-01-01,odisha,Ganjam,19.3883898,85.0496786,0.3474749686548063
2016-02-01,odisha,Ganjam,19.3883898,85.0496786,0.4148547889221733
2016-03-01,odisha,Ganjam,19.3883898,85.0496786,0.3166003162841572
2016-04-01,odisha,Ganjam,19.3883898,85.0496786,0.375548218843826
2016-05-01,odisha,Ganjam,19.3883898,85.0496786,0.2896712894935606
2016-06-01,odisha,Ganjam,19.3883898,85.0496786,0.5316609127727026
2016-07-01,odisha,Ganjam,19.3883898,85.0496786,0.4050919392839197
2016-08-01,odisha,Ganjam,19.3883898,85.0496786,0.440998029431048
2016-09-01,odisha,Ganjam,19.3883898,85.0496786,0.3478885574869047
2016-10-01,odisha,Ganjam,19.3883898,85.0496786,0.375302857397283
2016-11-01,odisha,Ganjam,19.3883898,85.0496786,0.3782684713877113
2016-12-01,odisha,Ganjam,19.3883898,85.0496786,0.3717340116902621
2017-01-01,odisha,Ganjam,19.3883898,85.0496786,0.3481716363801449
2017-02-01,odisha,Ganjam,19.3883898,85.0496786,0.3724493599370805
2017-03-01,odisha,Ganjam,19.3883898,85.0496786,0.3186133408711983
2017-04-01,odisha,Ganjam,19.3883898,85.0496786,0.3790278861979494
2017-05-01,odisha,Ganjam,19.3883898,85.0496786,0.3723834990944651
2017-06-01,odisha,Ganjam,19.3883898,85.0496786,0.345537200912243
2017-07-01,odisha,Ganjam,19.3883898,85.0496786,0.4132881978719455
2017-08-01,odisha,Ganjam,19.3883898,85.0496786,0.3628551840852861
2017-09-01,odisha,Ganjam,19.3883898,85.0496786,0.4016663115193193
2017-10-01,odisha,Ganjam,19.3883898,85.0496786,0.3465171509636738
2017-11-01,odisha,Ganjam,19.3883898,85.0496786,0.4571331279351321
2017-12-01,odisha,Ganjam,19.3883898,85.0496786,0.3753749664226362
2018-01-01,odisha,Ganjam,19.3883898,85.0496786,0.3947615250706213
2018-02-01,odisha,Ganjam,19.3883898,85.0496786,0.368588667286214
2018-03-01,odisha,Ganjam,19.3883898,85.0496786,0.3316843363592845
2018-04-01,odisha,Ganjam,19.3883898,85.0496786,0.3299429849596007
2018-05-01,odisha,Ganjam,19.3883898,85.0496786,0.3623679224394024
2018-06-01,odisha,Ganjam,19.3883898,85.0496786,0.3142697979943212
2018-07-01,odisha,Ganjam,19.3883898,85.0496786,0.3095879612702469
2018-08-01,odisha,Ganjam,19.3883898,85.0496786,0.3315495749758727
2018-09-01,odisha,Ganjam,19.3883898,85.0496786,0.3136842073883931
2018-10-01,odisha,Ganjam,19.3883898,85.0496786,0.3314765224654226
2018-11-01,odisha,Ganjam,19.3883898,85.0496786,0.2864715371017684
2018-12-01,odisha,Ganjam,19.3883898,85.0496786,0.2979529294133445
2019-01-01,odisha,Ganjam,19.3883898,85.0496786,0.2965259458492184
2019-02-01,odisha,Ganjam,19.3883898,85.0496786,0.3460654636597826
2019-03-01,odisha,Ganjam,19.3883898,85.0496786,0.2877501459847856
2019-04-01,odisha,Ganjam,19.3883898,85.0496786,0.3811868995486564
2019-05-01,odisha,Ganjam,19.3883898,85.0496786,0.277388791743319
2019-06-01,odisha,Ganjam,19.3883898,85.0496786,0.3954633236493428
2019-07-01,odisha,Ganjam,19.3883898,85.0496786,0.2977781839556632
2019-08-01,odisha,Ganjam,19.3883898,85.0496786,0.412791238585963
2019-09-01,odisha,Ganjam,19.3883898,85.0496786,0.3063618631424713
2019-10-01,odisha,Ganjam,19.3883898,85.0496786,0.3533879101633227
2019-11-01,odisha,Ganjam,19.3883898,85.0496786,0.2787945015223566
2019-12-01,odisha,Ganjam,19.3883898,85.0496786,0.3149332704338085
2020-01-01,odisha,Ganjam,19.3883898,85.0496786,0.2991241087450061
2020-02-01,odisha,Ganjam,19.3883898,85.0496786,0.3491848868083794
2020-03-01,odisha,Ganjam,19.3883898,85.0496786,0.3039572147041732
2020-04-01,odisha,Ganjam,19.3883898,85.0496786,0.7590173882835924
2020-05-01,odisha,Ganjam,19.3883898,85.0496786,0.3130049236139116
2020-06-01,odisha,Ganjam,19.3883898,85.0496786,0.6155360054469425
2020-07-01,odisha,Ganjam,19.3883898,85.0496786,0.4139040186342048
2020-08-01,odisha,Ganjam,19.3883898,85.0496786,0.5802879416035497
2020-09-01,odisha,Ganjam,19.3883898,85.0496786,0.3848438156734772
2020-10-01,odisha,Ganjam,19.3883898,85.0496786,0.5435840480492738
2020-11-01,odisha,Ganjam,19.3883898,85.0496786,0.3895550944745212
2020-12-01,odisha,Ganjam,19.3883898,85.0496786,0.4662448204672764
2021-01-01,odisha,Ganjam,19.3883898,85.0496786,0.3423357782675968
2021-02-01,odisha,Ganjam,19.3883898,85.0496786,0.469552442784011
2021-03-01,odisha,Ganjam,19.3883898,85.0496786,0.3372524904415907
2021-04-01,odisha,Ganjam,19.3883898,85.0496786,0.5101804642762587
2021-05-01,odisha,Ganjam,19.3883898,85.0496786,0.3273844480353732
2021-06-01,odisha,Ganjam,19.3883898,85.0496786,0.5874652619489601
2021-07-01,odisha,Ganjam,19.3883898,85.0496786,0.3921481922418316
2021-08-01,odisha,Ganjam,19.3883898,85.0496786,0.5479086340010829
2021-09-01,odisha,Ganjam,19.3883898,85.0496786,0.3577329326642771
2021-10-01,odisha,Ganjam,19.3883898,85.0496786,0.430628306271214
2021-11-01,odisha,Ganjam,19.3883898,85.0496786,0.5476709769225641
2021-12-01,odisha,Ganjam,19.3883898,85.0496786,0.4235176354949457
2022-01-01,odisha,Ganjam,19.3883898,85.0496786,0.4807929867028041
2022-02-01,odisha,Ganjam,19.3883898,85.0496786,0.3915630221082987
2022-03-01,odisha,Ganjam,19.3883898,85.0496786,0.4872460193382528
2022-04-01,odisha,Ganjam,19.3883898,85.0496786,0.3988248108636327
2022-05-01,odisha,Ganjam,19.3883898,85.0496786,0.4700530550129799
2022-06-01,odisha,Ganjam,19.3883898,85.0496786,0.3324176150310265
2022-07-01,odisha,Ganjam,19.3883898,85.0496786,0.5258493983451447
2022-08-01,odisha,Ganjam,19.3883898,85.0496786,0.2925150307906005
2022-09-01,odisha,Ganjam,19.3883898,85.0496786,0.4881594411481951
2022-10-01,odisha,Ganjam,19.3883898,85.0496786,0.312810641169077
2022-11-01,odisha,Ganjam,19.3883898,85.0496786,0.3823132403272604
2022-12-01,odisha,Ganjam,19.3883898,85.0496786,0.3423176576197262
2023-01-01,odisha,Ganjam,19.3883898,85.0496786,0.3338218153551141
2023-02-01,odisha,Ganjam,19.3883898,85.0496786,0.33654708552801
2023-03-01,odisha,Ganjam,19.3883898,85.0496786,0.3049756453193866
2023-04-01,odisha,Ganjam,19.3883898,85.0496786,0.3778466966811984
2023-05-01,odisha,Ganjam,19.3883898,85.0496786,0.4537385223120562
2023-06-01,odisha,Ganjam,19.3883898,85.0496786,0.3746996414873703
2023-07-01,odisha,Ganjam,19.3883898,85.0496786,0.3844755134825516
2023-08-01,odisha,Ganjam,19.3883898,85.0496786,0.4498184129145241
2023-09-01,odisha,Ganjam,19.3883898,85.0496786,0.3495182388221487
2023-10-01,odisha,Ganjam,19.3883898,85.0496786,0.3874540952718603
2023-11-01,odisha,Ganjam,19.3883898,85.0496786,0.3050815807490953
2023-12-01,odisha,Ganjam,19.3883898,85.0496786,0.3366505773746066
2024-01-01,odisha,Ganjam,19.3883898,85.0496786,0.3218533733473318
2024-02-01,odisha,Ganjam,19.3883898,85.0496786,0.3866446566376317
2024-03-01,odisha,Ganjam,19.3883898,85.0496786,0.3248812694050095
2024-04-01,odisha,Ganjam,19.3883898,85.0496786,0.3401185281618115
2024-05-01,odisha,Ganjam,19.3883898,85.0496786,0.3641950584598857
2024-06-01,odisha,Ganjam,19.3883898,85.0496786,0.3087958224474572
2024-07-01,odisha,Ganjam,19.3883898,85.0496786,0.4098374169006222
2024-08-01,odisha,Ganjam,19.3883898,85.0496786,0.3084224900623773
2024-09-01,odisha,Ganjam,19.3883898,85.0496786,0.4992669896427127
2024-10-01,odisha,Ganjam,19.3883898,85.0496786,0.3711080435441799
2012-02-01,odisha,Kalahandi,19.82657565,83.04087019,0.3383378799729218
2012-03-01,odisha,Kalahandi,19.82657565,83.04087019,0.2605374555712288
2012-04-01,odisha,Kalahandi,19.82657565,83.04087019,0.2389357316106906
2012-05-01,odisha,Kalahandi,19.82657565,83.04087019,0.3141178146017459
2012-06-01,odisha,Kalahandi,19.82657565,83.04087019,0.2350555519053057
2012-07-01,odisha,Kalahandi,19.82657565,83.04087019,0.209875863028743
2012-08-01,odisha,Kalahandi,19.82657565,83.04087019,0.2752347485261106
2012-09-01,odisha,Kalahandi,19.82657565,83.04087019,0.2119279817995028
2012-10-01,odisha,Kalahandi,19.82657565,83.04087019,0.2112082880398757
2012-11-01,odisha,Kalahandi,19.82657565,83.04087019,0.2289023239056018
2012-12-01,odisha,Kalahandi,19.82657565,83.04087019,0.2480713582441164
2013-01-01,odisha,Kalahandi,19.82657565,83.04087019,0.2675658664804312
2013-02-01,odisha,Kalahandi,19.82657565,83.04087019,0.3992032243526291
2013-03-01,odisha,Kalahandi,19.82657565,83.04087019,0.3071013390712029
2013-04-01,odisha,Kalahandi,19.82657565,83.04087019,0.2740187749507998
2013-05-01,odisha,Kalahandi,19.82657565,83.04087019,0.297336465427924
2013-06-01,odisha,Kalahandi,19.82657565,83.04087019,0.3177323885970646
2013-07-01,odisha,Kalahandi,19.82657565,83.04087019,0.3271875270833173
2013-08-01,odisha,Kalahandi,19.82657565,83.04087019,0.293200301849548
2013-09-01,odisha,Kalahandi,19.82657565,83.04087019,0.256967744107381
2013-10-01,odisha,Kalahandi,19.82657565,83.04087019,0.2489632129322393
2013-11-01,odisha,Kalahandi,19.82657565,83.04087019,0.2304072990288996
2013-12-01,odisha,Kalahandi,19.82657565,83.04087019,0.3143816060648736
2014-01-01,odisha,Kalahandi,19.82657565,83.04087019,0.2717288186675761
2014-02-01,odisha,Kalahandi,19.82657565,83.04087019,0.3900739502051813
2014-03-01,odisha,Kalahandi,19.82657565,83.04087019,0.2721922716139655
2014-04-01,odisha,Kalahandi,19.82657565,83.04087019,0.2950916383753022
2014-05-01,odisha,Kalahandi,19.82657565,83.04087019,0.2484488560886957
2014-06-01,odisha,Kalahandi,19.82657565,83.04087019,0.2487314176579687
2014-07-01,odisha,Kalahandi,19.82657565,83.04087019,0.3105653475968727
2014-08-01,odisha,Kalahandi,19.82657565,83.04087019,0.2156674157458869
2014-09-01,odisha,Kalahandi,19.82657565,83.04087019,0.2031947325011128
2014-10-01,odisha,Kalahandi,19.82657565,83.04087019,0.2000221813453541
2014-11-01,odisha,Kalahandi,19.82657565,83.04087019,0.233513258525517
2014-12-01,odisha,Kalahandi,19.82657565,83.04087019,0.2452890151023961
2015-01-01,odisha,Kalahandi,19.82657565,83.04087019,0.3009985113366928
2015-02-01,odisha,Kalahandi,19.82657565,83.04087019,0.27684046473428
2015-03-01,odisha,Kalahandi,19.82657565,83.04087019,0.3280911645419983
2015-04-01,odisha,Kalahandi,19.82657565,83.04087019,0.2879822287650693
2015-05-01,odisha,Kalahandi,19.82657565,83.04087019,0.3049196213959762
2015-06-01,odisha,Kalahandi,19.82657565,83.04087019,0.2758132759460673
2015-07-01,odisha,Kalahandi,19.82657565,83.04087019,0.2955173934361029
2015-08-01,odisha,Kalahandi,19.82657565,83.04087019,0.3057897213002243
2015-09-01,odisha,Kalahandi,19.82657565,83.04087019,0.3299321418712391
2015-10-01,odisha,Kalahandi,19.82657565,83.04087019,0.3376869120825975
2015-11-01,odisha,Kalahandi,19.82657565,83.04087019,0.3424916207618542
2015-12-01,odisha,Kalahandi,19.82657565,83.04087019,0.3882573807775207
2016-01-01,odisha,Kalahandi,19.82657565,83.04087019,0.367937749163733
2016-02-01,odisha,Kalahandi,19.82657565,83.04087019,0.408270768935716
2016-03-01,odisha,Kalahandi,19.82657565,83.04087019,0.52021104104827
2016-04-01,odisha,Kalahandi,19.82657565,83.04087019,0.3524100487450279
2016-05-01,odisha,Kalahandi,19.82657565,83.04087019,0.3315160754167524
2016-06-01,odisha,Kalahandi,19.82657565,83.04087019,0.3909610529505231
2016-07-01,odisha,Kalahandi,19.82657565,83.04087019,0.3354541664053292
2016-08-01,odisha,Kalahandi,19.82657565,83.04087019,0.3791257231201159
2016-09-01,odisha,Kalahandi,19.82657565,83.04087019,0.4204503318927768
2016-10-01,odisha,Kalahandi,19.82657565,83.04087019,0.3751374066837757
2016-11-01,odisha,Kalahandi,19.82657565,83.04087019,0.3873243535464534
2016-12-01,odisha,Kalahandi,19.82657565,83.04087019,0.4104364068777635
2017-01-01,odisha,Kalahandi,19.82657565,83.04087019,0.4401236005959795
2017-02-01,odisha,Kalahandi,19.82657565,83.04087019,0.5058645754587822
2017-03-01,odisha,Kalahandi,19.82657565,83.04087019,0.489468161861714
2017-04-01,odisha,Kalahandi,19.82657565,83.04087019,0.4327529765707656
2017-05-01,odisha,Kalahandi,19.82657565,83.04087019,0.548407684417753
2017-06-01,odisha,Kalahandi,19.82657565,83.04087019,0.4668712037099254
2017-07-01,odisha,Kalahandi,19.82657565,83.04087019,0.4077935210256871
2017-08-01,odisha,Kalahandi,19.82657565,83.04087019,0.3589526020351206
2017-09-01,odisha,Kalahandi,19.82657565,83.04087019,0.4242806621292521
2017-10-01,odisha,Kalahandi,19.82657565,83.04087019,0.4889452259217969
2017-11-01,odisha,Kalahandi,19.82657565,83.04087019,0.3796996335948001
2017-12-01,odisha,Kalahandi,19.82657565,83.04087019,0.3131895012044238
2018-01-01,odisha,Kalahandi,19.82657565,83.04087019,0.373305552822237
2018-02-01,odisha,Kalahandi,19.82657565,83.04087019,0.411627866513395
2018-03-01,odisha,Kalahandi,19.82657565,83.04087019,0.4522539446271061
2018-04-01,odisha,Kalahandi,19.82657565,83.04087019,0.4982199300489036
2018-05-01,odisha,Kalahandi,19.82657565,83.04087019,0.3902708336304326
2018-06-01,odisha,Kalahandi,19.82657565,83.04087019,0.40470672894973
2018-07-01,odisha,Kalahandi,19.82657565,83.04087019,0.3755713499752149
2018-08-01,odisha,Kalahandi,19.82657565,83.04087019,0.3334886102639304
2018-09-01,odisha,Kalahandi,19.82657565,83.04087019,0.3218904779355988
2018-10-01,odisha,Kalahandi,19.82657565,83.04087019,0.3692337038313392
2018-11-01,odisha,Kalahandi,19.82657565,83.04087019,0.311447446629687
2018-12-01,odisha,Kalahandi,19.82657565,83.04087019,0.3648436229290744
2019-01-01,odisha,Kalahandi,19.82657565,83.04087019,0.3645850118979654
2019-02-01,odisha,Kalahandi,19.82657565,83.04087019,0.3574021057599628
2019-03-01,odisha,Kalahandi,19.82657565,83.04087019,0.4069322938146129
2019-04-01,odisha,Kalahandi,19.82657565,83.04087019,0.3546644185201374
2019-05-01,odisha,Kalahandi,19.82657565,83.04087019,0.315016451496342
2019-06-01,odisha,Kalahandi,19.82657565,83.04087019,0.4156739110367474
2019-07-01,odisha,Kalahandi,19.82657565,83.04087019,0.3781895249331511
2019-08-01,odisha,Kalahandi,19.82657565,83.04087019,0.3574962295242937
2019-09-01,odisha,Kalahandi,19.82657565,83.04087019,0.4018370400806913
2019-10-01,odisha,Kalahandi,19.82657565,83.04087019,0.4042023120053321
2019-11-01,odisha,Kalahandi,19.82657565,83.04087019,0.3609602538085171
2019-12-01,odisha,Kalahandi,19.82657565,83.04087019,0.3214718174970327
2020-01-01,odisha,Kalahandi,19.82657565,83.04087019,0.3586723037162456
2020-02-01,odisha,Kalahandi,19.82657565,83.04087019,0.3795243432161351
2020-03-01,odisha,Kalahandi,19.82657565,83.04087019,0.4783771857559464
2020-04-01,odisha,Kalahandi,19.82657565,83.04087019,0.3976527773083672
2020-05-01,odisha,Kalahandi,19.82657565,83.04087019,0.4125822545441314
2020-06-01,odisha,Kalahandi,19.82657565,83.04087019,0.484963217061937
2020-07-01,odisha,Kalahandi,19.82657565,83.04087019,0.5641006609541933
2020-08-01,odisha,Kalahandi,19.82657565,83.04087019,0.3760609902549692
2020-09-01,odisha,Kalahandi,19.82657565,83.04087019,0.3450849029091039
2020-10-01,odisha,Kalahandi,19.82657565,83.04087019,0.3241664048357474
2020-11-01,odisha,Kalahandi,19.82657565,83.04087019,0.36275767831425
2020-12-01,odisha,Kalahandi,19.82657565,83.04087019,0.3687989310218663
2021-01-01,odisha,Kalahandi,19.82657565,83.04087019,0.4195675243119856
2021-02-01,odisha,Kalahandi,19.82657565,83.04087019,0.4640066422119227
2021-03-01,odisha,Kalahandi,19.82657565,83.04087019,0.5148517005668428
2021-04-01,odisha,Kalahandi,19.82657565,83.04087019,0.5349607388628425
2021-05-01,odisha,Kalahandi,19.82657565,83.04087019,0.5115640580957371
2021-06-01,odisha,Kalahandi,19.82657565,83.04087019,0.5711287619534302
2021-07-01,odisha,Kalahandi,19.82657565,83.04087019,0.5074080107848249
2021-08-01,odisha,Kalahandi,19.82657565,83.04087019,0.5186542444423309
2021-09-01,odisha,Kalahandi,19.82657565,83.04087019,0.5298278127579285
2021-10-01,odisha,Kalahandi,19.82657565,83.04087019,0.6180134435183704
2021-11-01,odisha,Kalahandi,19.82657565,83.04087019,0.6376325511428494
2021-12-01,odisha,Kalahandi,19.82657565,83.04087019,0.5903129599603524
2022-01-01,odisha,Kalahandi,19.82657565,83.04087019,0.5367266198266795
2022-02-01,odisha,Kalahandi,19.82657565,83.04087019,0.6802198321703559
2022-03-01,odisha,Kalahandi,19.82657565,83.04087019,0.6036768206405012
2022-04-01,odisha,Kalahandi,19.82657565,83.04087019,0.7361500611894971
2022-05-01,odisha,Kalahandi,19.82657565,83.04087019,0.642473891086377
2022-06-01,odisha,Kalahandi,19.82657565,83.04087019,0.5212210550105462
2022-07-01,odisha,Kalahandi,19.82657565,83.04087019,0.5255941707002775
2022-08-01,odisha,Kalahandi,19.82657565,83.04087019,0.5664316562967978
2022-09-01,odisha,Kalahandi,19.82657565,83.04087019,0.5161719756123114
2022-10-01,odisha,Kalahandi,19.82657565,83.04087019,0.5664296694263863
2022-11-01,odisha,Kalahandi,19.82657565,83.04087019,0.6679258152391357
2022-12-01,odisha,Kalahandi,19.82657565,83.04087019,0.5700199151179577
2023-01-01,odisha,Kalahandi,19.82657565,83.04087019,0.6160951990405644
2023-02-01,odisha,Kalahandi,19.82657565,83.04087019,0.6331727879963547
2023-03-01,odisha,Kalahandi,19.82657565,83.04087019,0.7124985745381034
2023-04-01,odisha,Kalahandi,19.82657565,83.04087019,0.6823525287548264
2023-05-01,odisha,Kalahandi,19.82657565,83.04087019,0.8555274669459616
2023-06-01,odisha,Kalahandi,19.82657565,83.04087019,0.657261176327255
2023-07-01,odisha,Kalahandi,19.82657565,83.04087019,0.5924659180352113
2023-08-01,odisha,Kalahandi,19.82657565,83.04087019,0.5521401091360905
2023-09-01,odisha,Kalahandi,19.82657565,83.04087019,0.5801664193587881
2023-10-01,odisha,Kalahandi,19.82657565,83.04087019,0.7537820373995775
2023-11-01,odisha,Kalahandi,19.82657565,83.04087019,0.6808892960766024
2023-12-01,odisha,Kalahandi,19.82657565,83.04087019,0.7200537194358202
2024-01-01,odisha,Kalahandi,19.82657565,83.04087019,0.6284551008146257
2024-02-01,odisha,Kalahandi,19.82657565,83.04087019,0.772537309587367
2024-03-01,odisha,Kalahandi,19.82657565,83.04087019,0.6890753721557784
2024-04-01,odisha,Kalahandi,19.82657565,83.04087019,0.8317272319294623
2024-05-01,odisha,Kalahandi,19.82657565,83.04087019,0.683937235682701
2024-06-01,odisha,Kalahandi,19.82657565,83.04087019,0.6272934687152332
2024-07-01,odisha,Kalahandi,19.82657565,83.04087019,0.7362867723532228
2024-08-01,odisha,Kalahandi,19.82657565,83.04087019,0.6513754153135728
2024-09-01,odisha,Kalahandi,19.82657565,83.04087019,0.5855917860487841
2024-10-01,odisha,Kalahandi,19.82657565,83.04087019,0.6789548936745504
2012-02-01,odisha,Nayagarh,20.1160666,85.11195644,0.4029707062527418
2012-03-01,odisha,Nayagarh,20.1160666,85.11195644,0.3788527932657629
2012-04-01,odisha,Nayagarh,20.1160666,85.11195644,0.3818397648576107
2012-05-01,odisha,Nayagarh,20.1160666,85.11195644,0.4073847025908683
2012-06-01,odisha,Nayagarh,20.1160666,85.11195644,0.5843332404487365
2012-07-01,odisha,Nayagarh,20.1160666,85.11195644,0.2714837161284246
2012-08-01,odisha,Nayagarh,20.1160666,85.11195644,0.4033852349583051
2012-09-01,odisha,Nayagarh,20.1160666,85.11195644,0.4186090359883624
2012-10-01,odisha,Nayagarh,20.1160666,85.11195644,0.362026561861981
2012-11-01,odisha,Nayagarh,20.1160666,85.11195644,0.3797639870187954
2012-12-01,odisha,Nayagarh,20.1160666,85.11195644,0.5856121526782834
2013-01-01,odisha,Nayagarh,20.1160666,85.11195644,0.3685318614602513
2013-02-01,odisha,Nayagarh,20.1160666,85.11195644,0.3030657065944571
2013-03-01,odisha,Nayagarh,20.1160666,85.11195644,0.410522717619509
2013-04-01,odisha,Nayagarh,20.1160666,85.11195644,0.6939380769463713
2013-05-01,odisha,Nayagarh,20.1160666,85.11195644,0.4854400294831233
2013-06-01,odisha,Nayagarh,20.1160666,85.11195644,0.3092504339758221
2013-07-01,odisha,Nayagarh,20.1160666,85.11195644,0.525185653155811
2013-08-01,odisha,Nayagarh,20.1160666,85.11195644,0.6984497725192869
2013-09-01,odisha,Nayagarh,20.1160666,85.11195644,0.277833270265
2013-10-01,odisha,Nayagarh,20.1160666,85.11195644,0.4081717937879778
2013-11-01,odisha,Nayagarh,20.1160666,85.11195644,0.6281666334349164
2013-12-01,odisha,Nayagarh,20.1160666,85.11195644,0.6205690094184682
2014-01-01,odisha,Nayagarh,20.1160666,85.11195644,0.3618277396108695
2014-02-01,odisha,Nayagarh,20.1160666,85.11195644,0.2118086738014998
2014-03-01,odisha,Nayagarh,20.1160666,85.11195644,0.5581174705457196
2014-04-01,odisha,Nayagarh,20.1160666,85.11195644,0.4934946245480511
2014-05-01,odisha,Nayagarh,20.1160666,85.11195644,0.6226963707740727
2014-06-01,odisha,Nayagarh,20.1160666,85.11195644,0.4212116063088644
2014-07-01,odisha,Nayagarh,20.1160666,85.11195644,0.2872599719943032
2014-08-01,odisha,Nayagarh,20.1160666,85.11195644,0.4691691515668806
2014-09-01,odisha,Nayagarh,20.1160666,85.11195644,0.8111477663659084
2014-10-01,odisha,Nayagarh,20.1160666,85.11195644,0.1451491805777102
2014-11-01,odisha,Nayagarh,20.1160666,85.11195644,0.3108071149282352
2014-12-01,odisha,Nayagarh,20.1160666,85.11195644,0.2873785869402824
2015-01-01,odisha,Nayagarh,20.1160666,85.11195644,0.7003432829894306
2015-02-01,odisha,Nayagarh,20.1160666,85.11195644,0.2378780361544757
2015-03-01,odisha,Nayagarh,20.1160666,85.11195644,0.2964088604548083
2015-04-01,odisha,Nayagarh,20.1160666,85.11195644,0.3455708555237767
2015-05-01,odisha,Nayagarh,20.1160666,85.11195644,0.6167593425344919
2015-06-01,odisha,Nayagarh,20.1160666,85.11195644,0.3417760043622376
2015-07-01,odisha,Nayagarh,20.1160666,85.11195644,0.3446088564667898
2015-08-01,odisha,Nayagarh,20.1160666,85.11195644,0.5184932969181659
2015-09-01,odisha,Nayagarh,20.1160666,85.11195644,0.8235590848689976
2015-10-01,odisha,Nayagarh,20.1160666,85.11195644,0.3185423028878984
2015-11-01,odisha,Nayagarh,20.1160666,85.11195644,0.2353388927262709
2015-12-01,odisha,Nayagarh,20.1160666,85.11195644,0.5006717686574625
2016-01-01,odisha,Nayagarh,20.1160666,85.11195644,0.8793863096425146
2016-02-01,odisha,Nayagarh,20.1160666,85.11195644,0.5539296314751553
2016-03-01,odisha,Nayagarh,20.1160666,85.11195644,0.4418209177204864
2016-04-01,odisha,Nayagarh,20.1160666,85.11195644,0.4902417700900278
2016-05-01,odisha,Nayagarh,20.1160666,85.11195644,1.1112775283455454
2016-06-01,odisha,Nayagarh,20.1160666,85.11195644,0.6668686089563335
2016-07-01,odisha,Nayagarh,20.1160666,85.11195644,0.4307363836051598
2016-08-01,odisha,Nayagarh,20.1160666,85.11195644,0.2529101972250105
2016-09-01,odisha,Nayagarh,20.1160666,85.11195644,0.8489162832799428
2016-10-01,odisha,Nayagarh,20.1160666,85.11195644,0.7030519545266696
2016-11-01,odisha,Nayagarh,20.1160666,85.11195644,0.5148198095295248
2016-12-01,odisha,Nayagarh,20.1160666,85.11195644,0.2268440746711636
2017-01-01,odisha,Nayagarh,20.1160666,85.11195644,0.5983534589894673
2017-02-01,odisha,Nayagarh,20.1160666,85.11195644,0.8032083864046639
2017-03-01,odisha,Nayagarh,20.1160666,85.11195644,0.3793049197886837
2017-04-01,odisha,Nayagarh,20.1160666,85.11195644,0.1762918745722993
2017-05-01,odisha,Nayagarh,20.1160666,85.11195644,0.579554769589002
2017-06-01,odisha,Nayagarh,20.1160666,85.11195644,0.9193286795333642
2017-07-01,odisha,Nayagarh,20.1160666,85.11195644,0.551793731544645
2017-08-01,odisha,Nayagarh,20.1160666,85.11195644,0.2192315859902647
2017-09-01,odisha,Nayagarh,20.1160666,85.11195644,0.6179924532400481
2017-10-01,odisha,Nayagarh,20.1160666,85.11195644,0.9504824721659756
2017-11-01,odisha,Nayagarh,20.1160666,85.11195644,0.6370062412300229
2017-12-01,odisha,Nayagarh,20.1160666,85.11195644,0.1465051657575604
2018-01-01,odisha,Nayagarh,20.1160666,85.11195644,0.3501737699962148
2018-02-01,odisha,Nayagarh,20.1160666,85.11195644,0.6451830057122138
2018-03-01,odisha,Nayagarh,20.1160666,85.11195644,0.5882251414870896
2018-04-01,odisha,Nayagarh,20.1160666,85.11195644,0.2595472069896288
2018-05-01,odisha,Nayagarh,20.1160666,85.11195644,0.5012347464065396
2018-06-01,odisha,Nayagarh,20.1160666,85.11195644,0.7991173954739277
2018-07-01,odisha,Nayagarh,20.1160666,85.11195644,0.5594680095164056
2018-08-01,odisha,Nayagarh,20.1160666,85.11195644,0.1727096970064653
2018-09-01,odisha,Nayagarh,20.1160666,85.11195644,0.3307599625448064
2018-10-01,odisha,Nayagarh,20.1160666,85.11195644,0.8039827011095984
2018-11-01,odisha,Nayagarh,20.1160666,85.11195644,0.6607433746758158
2018-12-01,odisha,Nayagarh,20.1160666,85.11195644,0.2691046829139828
2019-01-01,odisha,Nayagarh,20.1160666,85.11195644,0.3924212611503166
2019-02-01,odisha,Nayagarh,20.1160666,85.11195644,0.9122786618000066
2019-03-01,odisha,Nayagarh,20.1160666,85.11195644,0.7666149817094365
2019-04-01,odisha,Nayagarh,20.1160666,85.11195644,0.3704715439238831
2019-05-01,odisha,Nayagarh,20.1160666,85.11195644,0.5761947828445593
2019-06-01,odisha,Nayagarh,20.1160666,85.11195644,0.5693070509462338
2019-07-01,odisha,Nayagarh,20.1160666,85.11195644,0.4160858448380254
2019-08-01,odisha,Nayagarh,20.1160666,85.11195644,0.5697404242232778
2019-09-01,odisha,Nayagarh,20.1160666,85.11195644,0.7486831574282946
2019-10-01,odisha,Nayagarh,20.1160666,85.11195644,0.5795379462794916
2019-11-01,odisha,Nayagarh,20.1160666,85.11195644,0.3944310699269245
2019-12-01,odisha,Nayagarh,20.1160666,85.11195644,0.5369000560501214
2020-01-01,odisha,Nayagarh,20.1160666,85.11195644,0.8464590673250272
2020-02-01,odisha,Nayagarh,20.1160666,85.11195644,0.8824849247771506
2020-03-01,odisha,Nayagarh,20.1160666,85.11195644,0.3626226364356899
2020-04-01,odisha,Nayagarh,20.1160666,85.11195644,0.3651425229993666
2020-05-01,odisha,Nayagarh,20.1160666,85.11195644,1.0801643478189968
2020-06-01,odisha,Nayagarh,20.1160666,85.11195644,1.478870646794123
2020-07-01,odisha,Nayagarh,20.1160666,85.11195644,0.5128106492697279
2020-08-01,odisha,Nayagarh,20.1160666,85.11195644,0.1828834295438352
2020-09-01,odisha,Nayagarh,20.1160666,85.11195644,0.9161078870429354
2020-10-01,odisha,Nayagarh,20.1160666,85.11195644,0.9388589763444368
2020-11-01,odisha,Nayagarh,20.1160666,85.11195644,0.668744745857511
2020-12-01,odisha,Nayagarh,20.1160666,85.11195644,0.251050371082716
2021-01-01,odisha,Nayagarh,20.1160666,85.11195644,0.6465607269651428
2021-02-01,odisha,Nayagarh,20.1160666,85.11195644,0.667033310607711
2021-03-01,odisha,Nayagarh,20.1160666,85.11195644,0.4410801674659601
2021-04-01,odisha,Nayagarh,20.1160666,85.11195644,0.3405303777883361
2021-05-01,odisha,Nayagarh,20.1160666,85.11195644,0.7333365635177924
2021-06-01,odisha,Nayagarh,20.1160666,85.11195644,0.4532173996332791
2021-07-01,odisha,Nayagarh,20.1160666,85.11195644,0.3953196070754039
2021-08-01,odisha,Nayagarh,20.1160666,85.11195644,0.5674342456219416
2021-09-01,odisha,Nayagarh,20.1160666,85.11195644,0.9418915743975352
2021-10-01,odisha,Nayagarh,20.1160666,85.11195644,0.4332551308543687
2021-11-01,odisha,Nayagarh,20.1160666,85.11195644,0.2852027883145813
2021-12-01,odisha,Nayagarh,20.1160666,85.11195644,0.4620038047059126
2022-01-01,odisha,Nayagarh,20.1160666,85.11195644,0.7066766397627526
2022-02-01,odisha,Nayagarh,20.1160666,85.11195644,0.415631232751041
2022-03-01,odisha,Nayagarh,20.1160666,85.11195644,0.438925910346418
2022-04-01,odisha,Nayagarh,20.1160666,85.11195644,0.5327297373917367
2022-05-01,odisha,Nayagarh,20.1160666,85.11195644,0.5440656615475339
2022-06-01,odisha,Nayagarh,20.1160666,85.11195644,0.5800147704943127
2022-07-01,odisha,Nayagarh,20.1160666,85.11195644,0.4662492874134841
2022-08-01,odisha,Nayagarh,20.1160666,85.11195644,0.5460229654675843
2022-09-01,odisha,Nayagarh,20.1160666,85.11195644,0.5816805666454663
2022-10-01,odisha,Nayagarh,20.1160666,85.11195644,0.4338202834446879
2022-11-01,odisha,Nayagarh,20.1160666,85.11195644,0.4848854616344495
2022-12-01,odisha,Nayagarh,20.1160666,85.11195644,0.6934034749041567
2023-01-01,odisha,Nayagarh,20.1160666,85.11195644,0.4806234925922866
2023-02-01,odisha,Nayagarh,20.1160666,85.11195644,0.4623027229000185
2023-03-01,odisha,Nayagarh,20.1160666,85.11195644,0.2618108106350798
2023-04-01,odisha,Nayagarh,20.1160666,85.11195644,0.7014085764907219
2023-05-01,odisha,Nayagarh,20.1160666,85.11195644,0.739275501315103
2023-06-01,odisha,Nayagarh,20.1160666,85.11195644,0.6066680944627362
2023-07-01,odisha,Nayagarh,20.1160666,85.11195644,0.2334252584322098
2023-08-01,odisha,Nayagarh,20.1160666,85.11195644,0.5141125013627064
2023-09-01,odisha,Nayagarh,20.1160666,85.11195644,0.4884841799701367
2023-10-01,odisha,Nayagarh,20.1160666,85.11195644,0.5387546451846535
2023-11-01,odisha,Nayagarh,20.1160666,85.11195644,0.3065148473563873
2023-12-01,odisha,Nayagarh,20.1160666,85.11195644,0.5225043299686497
2024-01-01,odisha,Nayagarh,20.1160666,85.11195644,0.6006847816229958
2024-02-01,odisha,Nayagarh,20.1160666,85.11195644,0.4880537003581369
2024-03-01,odisha,Nayagarh,20.1160666,85.11195644,0.3371769379758987
2024-04-01,odisha,Nayagarh,20.1160666,85.11195644,0.544525610280998
2024-05-01,odisha,Nayagarh,20.1160666,85.11195644,0.3132610419150062
2024-06-01,odisha,Nayagarh,20.1160666,85.11195644,0.4142478249988643
2024-07-01,odisha,Nayagarh,20.1160666,85.11195644,0.4256594525052136
2024-08-01,odisha,Nayagarh,20.1160666,85.11195644,0.447599872126509
2024-09-01,odisha,Nayagarh,20.1160666,85.11195644,0.2500378876930252
2024-10-01,odisha,Nayagarh,20.1160666,85.11195644,0.1995308264130632

